{"Open Sans":{"variants":[{"id":"300","name":"Book 300"},{"id":"400","name":"Normal 400"},{"id":"600","name":"Semi-Bold 600"},{"id":"700","name":"Bold 700"},{"id":"800","name":"Extra-Bold 800"},{"id":"800italic","name":"Extra-Bold 800 Italic"}],"subsets":[{"id":"greek","name":"Greek"},{"id":"latin-ext","name":"Latin Extended"},{"id":"cyrillic-ext","name":"Cyrillic Extended"},{"id":"latin","name":"Latin"},{"id":"cyrillic","name":"Cyrillic"},{"id":"vietnamese","name":"Vietnamese"},{"id":"greek-ext","name":"Greek Extended"}]},"Oswald":{"variants":[{"id":"300","name":"Book 300"},{"id":"400","name":"Normal 400"},{"id":"700","name":"Bold 700"}],"subsets":[{"id":"latin-ext","name":"Latin Extended"},{"id":"latin","name":"Latin"}]},"Roboto":{"variants":[{"id":"100","name":"Ultra-Light 100"},{"id":"300","name":"Book 300"},{"id":"400","name":"Normal 400"},{"id":"500","name":"Medium 500"},{"id":"700","name":"Bold 700"},{"id":"900","name":"Ultra-Bold 900"},{"id":"900italic","name":"Ultra-Bold 900 Italic"}],"subsets":[{"id":"greek","name":"Greek"},{"id":"latin-ext","name":"Latin Extended"},{"id":"cyrillic-ext","name":"Cyrillic Extended"},{"id":"latin","name":"Latin"},{"id":"cyrillic","name":"Cyrillic"},{"id":"vietnamese","name":"Vietnamese"},{"id":"greek-ext","name":"Greek Extended"}]},"Droid Sans":{"variants":[{"id":"400","name":"Normal 400"},{"id":"700","name":"Bold 700"}],"subsets":[{"id":"latin","name":"Latin"}]},"Lato":{"variants":[{"id":"100","name":"Ultra-Light 100"},{"id":"300","name":"Book 300"},{"id":"400","name":"Normal 400"},{"id":"700","name":"Bold 700"},{"id":"900","name":"Ultra-Bold 900"},{"id":"900italic","name":"Ultra-Bold 900 Italic"}],"subsets":[{"id":"latin","name":"Latin"}]},"Open Sans Condensed":{"variants":[{"id":"300","name":"Book 300"},{"id":"700","name":"Bold 700"},{"id":"300italic","name":"Book 300 Italic"}],"subsets":[{"id":"greek","name":"Greek"},{"id":"latin-ext","name":"Latin Extended"},{"id":"cyrillic-ext","name":"Cyrillic Extended"},{"id":"latin","name":"Latin"},{"id":"cyrillic","name":"Cyrillic"},{"id":"vietnamese","name":"Vietnamese"},{"id":"greek-ext","name":"Greek Extended"}]},"PT Sans":{"variants":[{"id":"400","name":"Normal 400"},{"id":"700","name":"Bold 700"},{"id":"700italic","name":"Bold 700 Italic"}],"subsets":[{"id":"latin-ext","name":"Latin Extended"},{"id":"cyrillic-ext","name":"Cyrillic Extended"},{"id":"latin","name":"Latin"},{"id":"cyrillic","name":"Cyrillic"}]},"Droid Serif":{"variants":[{"id":"400","name":"Normal 400"},{"id":"700","name":"Bold 700"},{"id":"700italic","name":"Bold 700 Italic"}],"subsets":[{"id":"latin","name":"Latin"}]},"Ubuntu":{"variants":[{"id":"300","name":"Book 300"},{"id":"400","name":"Normal 400"},{"id":"500","name":"Medium 500"},{"id":"700","name":"Bold 700"},{"id":"700italic","name":"Bold 700 Italic"}],"subsets":[{"id":"greek","name":"Greek"},{"id":"latin-ext","name":"Latin Extended"},{"id":"cyrillic-ext","name":"Cyrillic Extended"},{"id":"latin","name":"Latin"},{"id":"cyrillic","name":"Cyrillic"},{"id":"greek-ext","name":"Greek Extended"}]},"Roboto Condensed":{"variants":[{"id":"300","name":"Book 300"},{"id":"400","name":"Normal 400"},{"id":"700","name":"Bold 700"},{"id":"700italic","name":"Bold 700 Italic"}],"subsets":[{"id":"greek","name":"Greek"},{"id":"latin-ext","name":"Latin Extended"},{"id":"cyrillic-ext","name":"Cyrillic Extended"},{"id":"latin","name":"Latin"},{"id":"cyrillic","name":"Cyrillic"},{"id":"vietnamese","name":"Vietnamese"},{"id":"greek-ext","name":"Greek Extended"}]},"Source Sans Pro":{"variants":[{"id":"200","name":"Light 200"},{"id":"300","name":"Book 300"},{"id":"400","name":"Normal 400"},{"id":"600","name":"Semi-Bold 600"},{"id":"700","name":"Bold 700"},{"id":"900","name":"Ultra-Bold 900"},{"id":"900italic","name":"Ultra-Bold 900 Italic"}],"subsets":[{"id":"latin-ext","name":"Latin Extended"},{"id":"latin","name":"Latin"},{"id":"vietnamese","name":"Vietnamese"}]},"PT Sans Narrow":{"variants":[{"id":"400","name":"Normal 400"},{"id":"700","name":"Bold 700"}],"subsets":[{"id":"latin-ext","name":"Latin Extended"},{"id":"cyrillic-ext","name":"Cyrillic Extended"},{"id":"latin","name":"Latin"},{"id":"cyrillic","name":"Cyrillic"}]},"Raleway":{"variants":[{"id":"100","name":"Ultra-Light 100"},{"id":"200","name":"Light 200"},{"id":"300","name":"Book 300"},{"id":"400","name":"Normal 400"},{"id":"500","name":"Medium 500"},{"id":"600","name":"Semi-Bold 600"},{"id":"700","name":"Bold 700"},{"id":"800","name":"Extra-Bold 800"},{"id":"900","name":"Ultra-Bold 900"}],"subsets":[{"id":"latin","name":"Latin"}]},"Yanone Kaffeesatz":{"variants":[{"id":"200","name":"Light 200"},{"id":"300","name":"Book 300"},{"id":"400","name":"Normal 400"},{"id":"700","name":"Bold 700"}],"subsets":[{"id":"latin-ext","name":"Latin Extended"},{"id":"latin","name":"Latin"}]},"Lora":{"variants":[{"id":"400","name":"Normal 400"},{"id":"700","name":"Bold 700"},{"id":"700italic","name":"Bold 700 Italic"}],"subsets":[{"id":"latin","name":"Latin"}]},"Lobster":{"variants":[{"id":"400","name":"Normal 400"}],"subsets":[{"id":"latin-ext","name":"Latin Extended"},{"id":"cyrillic-ext","name":"Cyrillic Extended"},{"id":"latin","name":"Latin"},{"id":"cyrillic","name":"Cyrillic"}]},"Oxygen":{"variants":[{"id":"300","name":"Book 300"},{"id":"400","name":"Normal 400"},{"id":"700","name":"Bold 700"}],"subsets":[{"id":"latin-ext","name":"Latin Extended"},{"id":"latin","name":"Latin"}]},"Arvo":{"variants":[{"id":"400","name":"Normal 400"},{"id":"700","name":"Bold 700"},{"id":"700italic","name":"Bold 700 Italic"}],"subsets":[{"id":"latin","name":"Latin"}]},"Francois One":{"variants":[{"id":"400","name":"Normal 400"}],"subsets":[{"id":"latin-ext","name":"Latin Extended"},{"id":"latin","name":"Latin"}]},"Montserrat":{"variants":[{"id":"400","name":"Normal 400"},{"id":"700","name":"Bold 700"}],"subsets":[{"id":"latin","name":"Latin"}]},"Arimo":{"variants":[{"id":"400","name":"Normal 400"},{"id":"700","name":"Bold 700"},{"id":"700italic","name":"Bold 700 Italic"}],"subsets":[{"id":"greek","name":"Greek"},{"id":"latin-ext","name":"Latin Extended"},{"id":"cyrillic-ext","name":"Cyrillic Extended"},{"id":"latin","name":"Latin"},{"id":"cyrillic","name":"Cyrillic"},{"id":"vietnamese","name":"Vietnamese"},{"id":"greek-ext","name":"Greek Extended"}]},"Bitter":{"variants":[{"id":"400","name":"Normal 400"},{"id":"700","name":"Bold 700"},{"id":"italic","name":"Normal 400 Italic"}],"subsets":[{"id":"latin-ext","name":"Latin Extended"},{"id":"latin","name":"Latin"}]},"Noto Sans":{"variants":[{"id":"400","name":"Normal 400"},{"id":"700","name":"Bold 700"},{"id":"700italic","name":"Bold 700 Italic"}],"subsets":[{"id":"greek","name":"Greek"},{"id":"latin-ext","name":"Latin Extended"},{"id":"cyrillic-ext","name":"Cyrillic Extended"},{"id":"latin","name":"Latin"},{"id":"cyrillic","name":"Cyrillic"},{"id":"vietnamese","name":"Vietnamese"},{"id":"greek-ext","name":"Greek Extended"}]},"Rokkitt":{"variants":[{"id":"400","name":"Normal 400"},{"id":"700","name":"Bold 700"}],"subsets":[{"id":"latin","name":"Latin"}]},"Play":{"variants":[{"id":"400","name":"Normal 400"},{"id":"700","name":"Bold 700"}],"subsets":[{"id":"greek","name":"Greek"},{"id":"latin-ext","name":"Latin Extended"},{"id":"cyrillic-ext","name":"Cyrillic Extended"},{"id":"latin","name":"Latin"},{"id":"cyrillic","name":"Cyrillic"},{"id":"greek-ext","name":"Greek Extended"}]},"Merriweather":{"variants":[{"id":"300","name":"Book 300"},{"id":"400","name":"Normal 400"},{"id":"700","name":"Bold 700"},{"id":"900","name":"Ultra-Bold 900"},{"id":"900italic","name":"Ultra-Bold 900 Italic"}],"subsets":[{"id":"latin-ext","name":"Latin Extended"},{"id":"latin","name":"Latin"}]},"PT Serif":{"variants":[{"id":"400","name":"Normal 400"},{"id":"700","name":"Bold 700"},{"id":"700italic","name":"Bold 700 Italic"}],"subsets":[{"id":"latin-ext","name":"Latin Extended"},{"id":"cyrillic-ext","name":"Cyrillic Extended"},{"id":"latin","name":"Latin"},{"id":"cyrillic","name":"Cyrillic"}]},"Dosis":{"variants":[{"id":"200","name":"Light 200"},{"id":"300","name":"Book 300"},{"id":"400","name":"Normal 400"},{"id":"500","name":"Medium 500"},{"id":"600","name":"Semi-Bold 600"},{"id":"700","name":"Bold 700"},{"id":"800","name":"Extra-Bold 800"}],"subsets":[{"id":"latin-ext","name":"Latin Extended"},{"id":"latin","name":"Latin"}]},"Nunito":{"variants":[{"id":"300","name":"Book 300"},{"id":"400","name":"Normal 400"},{"id":"700","name":"Bold 700"}],"subsets":[{"id":"latin","name":"Latin"}]},"Titillium Web":{"variants":[{"id":"200","name":"Light 200"},{"id":"300","name":"Book 300"},{"id":"400","name":"Normal 400"},{"id":"600","name":"Semi-Bold 600"},{"id":"700","name":"Bold 700"},{"id":"900","name":"Ultra-Bold 900"},{"id":"700italic","name":"Bold 700 Italic"}],"subsets":[{"id":"latin-ext","name":"Latin Extended"},{"id":"latin","name":"Latin"}]},"Cabin":{"variants":[{"id":"400","name":"Normal 400"},{"id":"500","name":"Medium 500"},{"id":"600","name":"Semi-Bold 600"},{"id":"700","name":"Bold 700"},{"id":"700italic","name":"Bold 700 Italic"}],"subsets":[{"id":"latin","name":"Latin"}]},"Cuprum":{"variants":[{"id":"400","name":"Normal 400"},{"id":"700","name":"Bold 700"},{"id":"700italic","name":"Bold 700 Italic"}],"subsets":[{"id":"latin-ext","name":"Latin Extended"},{"id":"latin","name":"Latin"},{"id":"cyrillic","name":"Cyrillic"}]},"Libre Baskerville":{"variants":[{"id":"400","name":"Normal 400"},{"id":"700","name":"Bold 700"},{"id":"italic","name":"Normal 400 Italic"}],"subsets":[{"id":"latin-ext","name":"Latin Extended"},{"id":"latin","name":"Latin"}]},"Abel":{"variants":[{"id":"400","name":"Normal 400"}],"subsets":[{"id":"latin","name":"Latin"}]},"Roboto Slab":{"variants":[{"id":"100","name":"Ultra-Light 100"},{"id":"300","name":"Book 300"},{"id":"400","name":"Normal 400"},{"id":"700","name":"Bold 700"}],"subsets":[{"id":"greek","name":"Greek"},{"id":"latin-ext","name":"Latin Extended"},{"id":"cyrillic-ext","name":"Cyrillic Extended"},{"id":"latin","name":"Latin"},{"id":"cyrillic","name":"Cyrillic"},{"id":"vietnamese","name":"Vietnamese"},{"id":"greek-ext","name":"Greek Extended"}]},"Shadows Into Light":{"variants":[{"id":"400","name":"Normal 400"}],"subsets":[{"id":"latin","name":"Latin"}]},"Ubuntu Condensed":{"variants":[{"id":"400","name":"Normal 400"}],"subsets":[{"id":"greek","name":"Greek"},{"id":"latin-ext","name":"Latin Extended"},{"id":"cyrillic-ext","name":"Cyrillic Extended"},{"id":"latin","name":"Latin"},{"id":"cyrillic","name":"Cyrillic"},{"id":"greek-ext","name":"Greek Extended"}]},"Anton":{"variants":[{"id":"400","name":"Normal 400"}],"subsets":[{"id":"latin-ext","name":"Latin Extended"},{"id":"latin","name":"Latin"}]},"Merriweather Sans":{"variants":[{"id":"300","name":"Book 300"},{"id":"400","name":"Normal 400"},{"id":"700","name":"Bold 700"},{"id":"800","name":"Extra-Bold 800"},{"id":"800italic","name":"Extra-Bold 800 Italic"}],"subsets":[{"id":"latin-ext","name":"Latin Extended"},{"id":"latin","name":"Latin"}]},"Fjalla One":{"variants":[{"id":"400","name":"Normal 400"}],"subsets":[{"id":"latin-ext","name":"Latin Extended"},{"id":"latin","name":"Latin"}]},"Crafty Girls":{"variants":[{"id":"400","name":"Normal 400"}],"subsets":[{"id":"latin","name":"Latin"}]},"Maven Pro":{"variants":[{"id":"400","name":"Normal 400"},{"id":"500","name":"Medium 500"},{"id":"700","name":"Bold 700"},{"id":"900","name":"Ultra-Bold 900"}],"subsets":[{"id":"latin","name":"Latin"}]},"Archivo Narrow":{"variants":[{"id":"400","name":"Normal 400"},{"id":"700","name":"Bold 700"},{"id":"700italic","name":"Bold 700 Italic"}],"subsets":[{"id":"latin-ext","name":"Latin Extended"},{"id":"latin","name":"Latin"}]},"Alegreya":{"variants":[{"id":"400","name":"Normal 400"},{"id":"700","name":"Bold 700"},{"id":"900","name":"Ultra-Bold 900"},{"id":"900italic","name":"Ultra-Bold 900 Italic"}],"subsets":[{"id":"latin-ext","name":"Latin Extended"},{"id":"latin","name":"Latin"}]},"Signika":{"variants":[{"id":"300","name":"Book 300"},{"id":"400","name":"Normal 400"},{"id":"600","name":"Semi-Bold 600"},{"id":"700","name":"Bold 700"}],"subsets":[{"id":"latin-ext","name":"Latin Extended"},{"id":"latin","name":"Latin"}]},"Asap":{"variants":[{"id":"400","name":"Normal 400"},{"id":"700","name":"Bold 700"},{"id":"700italic","name":"Bold 700 Italic"}],"subsets":[{"id":"latin-ext","name":"Latin Extended"},{"id":"latin","name":"Latin"}]},"Josefin Sans":{"variants":[{"id":"100","name":"Ultra-Light 100"},{"id":"300","name":"Book 300"},{"id":"400","name":"Normal 400"},{"id":"600","name":"Semi-Bold 600"},{"id":"700","name":"Bold 700"},{"id":"700italic","name":"Bold 700 Italic"}],"subsets":[{"id":"latin","name":"Latin"}]},"Pacifico":{"variants":[{"id":"400","name":"Normal 400"}],"subsets":[{"id":"latin","name":"Latin"}]},"Vollkorn":{"variants":[{"id":"400","name":"Normal 400"},{"id":"700","name":"Bold 700"},{"id":"700italic","name":"Bold 700 Italic"}],"subsets":[{"id":"latin","name":"Latin"}]},"Dancing Script":{"variants":[{"id":"400","name":"Normal 400"},{"id":"700","name":"Bold 700"}],"subsets":[{"id":"latin","name":"Latin"}]},"Questrial":{"variants":[{"id":"400","name":"Normal 400"}],"subsets":[{"id":"latin","name":"Latin"}]},"Indie Flower":{"variants":[{"id":"400","name":"Normal 400"}],"subsets":[{"id":"latin","name":"Latin"}]},"Exo":{"variants":[{"id":"100","name":"Ultra-Light 100"},{"id":"200","name":"Light 200"},{"id":"300","name":"Book 300"},{"id":"400","name":"Normal 400"},{"id":"500","name":"Medium 500"},{"id":"600","name":"Semi-Bold 600"},{"id":"700","name":"Bold 700"},{"id":"800","name":"Extra-Bold 800"},{"id":"900","name":"Ultra-Bold 900"},{"id":"900italic","name":"Ultra-Bold 900 Italic"}],"subsets":[{"id":"latin-ext","name":"Latin Extended"},{"id":"latin","name":"Latin"}]},"Muli":{"variants":[{"id":"300","name":"Book 300"},{"id":"400","name":"Normal 400"},{"id":"italic","name":"Normal 400 Italic"}],"subsets":[{"id":"latin","name":"Latin"}]},"Istok Web":{"variants":[{"id":"400","name":"Normal 400"},{"id":"700","name":"Bold 700"},{"id":"700italic","name":"Bold 700 Italic"}],"subsets":[{"id":"latin-ext","name":"Latin Extended"},{"id":"cyrillic-ext","name":"Cyrillic Extended"},{"id":"latin","name":"Latin"},{"id":"cyrillic","name":"Cyrillic"}]},"Quicksand":{"variants":[{"id":"300","name":"Book 300"},{"id":"400","name":"Normal 400"},{"id":"700","name":"Bold 700"}],"subsets":[{"id":"latin","name":"Latin"}]},"Coming Soon":{"variants":[{"id":"400","name":"Normal 400"}],"subsets":[{"id":"latin","name":"Latin"}]},"Armata":{"variants":[{"id":"400","name":"Normal 400"}],"subsets":[{"id":"latin-ext","name":"Latin Extended"},{"id":"latin","name":"Latin"}]},"Kreon":{"variants":[{"id":"300","name":"Book 300"},{"id":"400","name":"Normal 400"},{"id":"700","name":"Bold 700"}],"subsets":[{"id":"latin","name":"Latin"}]},"News Cycle":{"variants":[{"id":"400","name":"Normal 400"},{"id":"700","name":"Bold 700"}],"subsets":[{"id":"latin-ext","name":"Latin Extended"},{"id":"latin","name":"Latin"}]},"Playfair Display":{"variants":[{"id":"400","name":"Normal 400"},{"id":"700","name":"Bold 700"},{"id":"900","name":"Ultra-Bold 900"},{"id":"900italic","name":"Ultra-Bold 900 Italic"}],"subsets":[{"id":"latin-ext","name":"Latin Extended"},{"id":"latin","name":"Latin"},{"id":"cyrillic","name":"Cyrillic"}]},"Special Elite":{"variants":[{"id":"400","name":"Normal 400"}],"subsets":[{"id":"latin","name":"Latin"}]},"Tangerine":{"variants":[{"id":"400","name":"Normal 400"},{"id":"700","name":"Bold 700"}],"subsets":[{"id":"latin","name":"Latin"}]},"Economica":{"variants":[{"id":"400","name":"Normal 400"},{"id":"700","name":"Bold 700"},{"id":"700italic","name":"Bold 700 Italic"}],"subsets":[{"id":"latin-ext","name":"Latin Extended"},{"id":"latin","name":"Latin"}]},"Cabin Condensed":{"variants":[{"id":"400","name":"Normal 400"},{"id":"500","name":"Medium 500"},{"id":"600","name":"Semi-Bold 600"},{"id":"700","name":"Bold 700"}],"subsets":[{"id":"latin","name":"Latin"}]},"Comfortaa":{"variants":[{"id":"300","name":"Book 300"},{"id":"400","name":"Normal 400"},{"id":"700","name":"Bold 700"}],"subsets":[{"id":"greek","name":"Greek"},{"id":"latin-ext","name":"Latin Extended"},{"id":"cyrillic-ext","name":"Cyrillic Extended"},{"id":"latin","name":"Latin"},{"id":"cyrillic","name":"Cyrillic"}]},"Philosopher":{"variants":[{"id":"400","name":"Normal 400"},{"id":"700","name":"Bold 700"},{"id":"700italic","name":"Bold 700 Italic"}],"subsets":[{"id":"latin","name":"Latin"},{"id":"cyrillic","name":"Cyrillic"}]},"PT Sans Caption":{"variants":[{"id":"400","name":"Normal 400"},{"id":"700","name":"Bold 700"}],"subsets":[{"id":"latin-ext","name":"Latin Extended"},{"id":"cyrillic-ext","name":"Cyrillic Extended"},{"id":"latin","name":"Latin"},{"id":"cyrillic","name":"Cyrillic"}]},"Marvel":{"variants":[{"id":"400","name":"Normal 400"},{"id":"700","name":"Bold 700"},{"id":"700italic","name":"Bold 700 Italic"}],"subsets":[{"id":"latin","name":"Latin"}]},"Inconsolata":{"variants":[{"id":"400","name":"Normal 400"},{"id":"700","name":"Bold 700"}],"subsets":[{"id":"latin-ext","name":"Latin Extended"},{"id":"latin","name":"Latin"}]},"Voltaire":{"variants":[{"id":"400","name":"Normal 400"}],"subsets":[{"id":"latin","name":"Latin"}]},"Noticia Text":{"variants":[{"id":"400","name":"Normal 400"},{"id":"700","name":"Bold 700"},{"id":"700italic","name":"Bold 700 Italic"}],"subsets":[{"id":"latin-ext","name":"Latin Extended"},{"id":"latin","name":"Latin"},{"id":"vietnamese","name":"Vietnamese"}]},"Chewy":{"variants":[{"id":"400","name":"Normal 400"}],"subsets":[{"id":"latin","name":"Latin"}]},"Quattrocento":{"variants":[{"id":"400","name":"Normal 400"},{"id":"700","name":"Bold 700"}],"subsets":[{"id":"latin-ext","name":"Latin Extended"},{"id":"latin","name":"Latin"}]},"Cantarell":{"variants":[{"id":"400","name":"Normal 400"},{"id":"700","name":"Bold 700"},{"id":"700italic","name":"Bold 700 Italic"}],"subsets":[{"id":"latin","name":"Latin"}]},"Changa One":{"variants":[{"id":"400","name":"Normal 400"},{"id":"italic","name":"Normal 400 Italic"}],"subsets":[{"id":"latin","name":"Latin"}]},"Nobile":{"variants":[{"id":"400","name":"Normal 400"},{"id":"700","name":"Bold 700"},{"id":"700italic","name":"Bold 700 Italic"}],"subsets":[{"id":"latin","name":"Latin"}]},"Squada One":{"variants":[{"id":"400","name":"Normal 400"}],"subsets":[{"id":"latin","name":"Latin"}]},"Gudea":{"variants":[{"id":"400","name":"Normal 400"},{"id":"700","name":"Bold 700"},{"id":"italic","name":"Normal 400 Italic"}],"subsets":[{"id":"latin-ext","name":"Latin Extended"},{"id":"latin","name":"Latin"}]},"Luckiest Guy":{"variants":[{"id":"400","name":"Normal 400"}],"subsets":[{"id":"latin","name":"Latin"}]},"Monda":{"variants":[{"id":"400","name":"Normal 400"},{"id":"700","name":"Bold 700"}],"subsets":[{"id":"latin-ext","name":"Latin Extended"},{"id":"latin","name":"Latin"}]},"Ropa Sans":{"variants":[{"id":"400","name":"Normal 400"},{"id":"italic","name":"Normal 400 Italic"}],"subsets":[{"id":"latin-ext","name":"Latin Extended"},{"id":"latin","name":"Latin"}]},"Bree Serif":{"variants":[{"id":"400","name":"Normal 400"}],"subsets":[{"id":"latin-ext","name":"Latin Extended"},{"id":"latin","name":"Latin"}]},"Fredoka One":{"variants":[{"id":"400","name":"Normal 400"}],"subsets":[{"id":"latin","name":"Latin"}]},"Pontano Sans":{"variants":[{"id":"400","name":"Normal 400"}],"subsets":[{"id":"latin-ext","name":"Latin Extended"},{"id":"latin","name":"Latin"}]},"Josefin Slab":{"variants":[{"id":"100","name":"Ultra-Light 100"},{"id":"300","name":"Book 300"},{"id":"400","name":"Normal 400"},{"id":"600","name":"Semi-Bold 600"},{"id":"700","name":"Bold 700"},{"id":"700italic","name":"Bold 700 Italic"}],"subsets":[{"id":"latin","name":"Latin"}]},"Varela Round":{"variants":[{"id":"400","name":"Normal 400"}],"subsets":[{"id":"latin","name":"Latin"}]},"Karla":{"variants":[{"id":"400","name":"Normal 400"},{"id":"700","name":"Bold 700"},{"id":"700italic","name":"Bold 700 Italic"}],"subsets":[{"id":"latin-ext","name":"Latin Extended"},{"id":"latin","name":"Latin"}]},"Playball":{"variants":[{"id":"400","name":"Normal 400"}],"subsets":[{"id":"latin-ext","name":"Latin Extended"},{"id":"latin","name":"Latin"}]},"Jockey One":{"variants":[{"id":"400","name":"Normal 400"}],"subsets":[{"id":"latin-ext","name":"Latin Extended"},{"id":"latin","name":"Latin"}]},"Poiret One":{"variants":[{"id":"400","name":"Normal 400"}],"subsets":[{"id":"latin-ext","name":"Latin Extended"},{"id":"latin","name":"Latin"},{"id":"cyrillic","name":"Cyrillic"}]},"Cantata One":{"variants":[{"id":"400","name":"Normal 400"}],"subsets":[{"id":"latin-ext","name":"Latin Extended"},{"id":"latin","name":"Latin"}]},"Telex":{"variants":[{"id":"400","name":"Normal 400"}],"subsets":[{"id":"latin","name":"Latin"}]},"Patua One":{"variants":[{"id":"400","name":"Normal 400"}],"subsets":[{"id":"latin","name":"Latin"}]},"Calligraffitti":{"variants":[{"id":"400","name":"Normal 400"}],"subsets":[{"id":"latin","name":"Latin"}]},"Amatic SC":{"variants":[{"id":"400","name":"Normal 400"},{"id":"700","name":"Bold 700"}],"subsets":[{"id":"latin","name":"Latin"}]},"Lobster Two":{"variants":[{"id":"400","name":"Normal 400"},{"id":"700","name":"Bold 700"},{"id":"700italic","name":"Bold 700 Italic"}],"subsets":[{"id":"latin","name":"Latin"}]},"Rock Salt":{"variants":[{"id":"400","name":"Normal 400"}],"subsets":[{"id":"latin","name":"Latin"}]},"EB Garamond":{"variants":[{"id":"400","name":"Normal 400"}],"subsets":[{"id":"latin-ext","name":"Latin Extended"},{"id":"cyrillic-ext","name":"Cyrillic Extended"},{"id":"latin","name":"Latin"},{"id":"cyrillic","name":"Cyrillic"},{"id":"vietnamese","name":"Vietnamese"}]},"Allerta":{"variants":[{"id":"400","name":"Normal 400"}],"subsets":[{"id":"latin","name":"Latin"}]},"Passion One":{"variants":[{"id":"400","name":"Normal 400"},{"id":"700","name":"Bold 700"},{"id":"900","name":"Ultra-Bold 900"}],"subsets":[{"id":"latin-ext","name":"Latin Extended"},{"id":"latin","name":"Latin"}]},"Shadows Into Light Two":{"variants":[{"id":"400","name":"Normal 400"}],"subsets":[{"id":"latin-ext","name":"Latin Extended"},{"id":"latin","name":"Latin"}]},"Crimson Text":{"variants":[{"id":"400","name":"Normal 400"},{"id":"600","name":"Semi-Bold 600"},{"id":"700","name":"Bold 700"},{"id":"700italic","name":"Bold 700 Italic"}],"subsets":[{"id":"latin","name":"Latin"}]},"Signika Negative":{"variants":[{"id":"300","name":"Book 300"},{"id":"400","name":"Normal 400"},{"id":"600","name":"Semi-Bold 600"},{"id":"700","name":"Bold 700"}],"subsets":[{"id":"latin-ext","name":"Latin Extended"},{"id":"latin","name":"Latin"}]},"Permanent Marker":{"variants":[{"id":"400","name":"Normal 400"}],"subsets":[{"id":"latin","name":"Latin"}]},"Handlee":{"variants":[{"id":"400","name":"Normal 400"}],"subsets":[{"id":"latin","name":"Latin"}]},"Cherry Cream Soda":{"variants":[{"id":"400","name":"Normal 400"}],"subsets":[{"id":"latin","name":"Latin"}]},"Quattrocento Sans":{"variants":[{"id":"400","name":"Normal 400"},{"id":"700","name":"Bold 700"},{"id":"700italic","name":"Bold 700 Italic"}],"subsets":[{"id":"latin-ext","name":"Latin Extended"},{"id":"latin","name":"Latin"}]},"Gentium Book Basic":{"variants":[{"id":"400","name":"Normal 400"},{"id":"700","name":"Bold 700"},{"id":"700italic","name":"Bold 700 Italic"}],"subsets":[{"id":"latin-ext","name":"Latin Extended"},{"id":"latin","name":"Latin"}]},"Unkempt":{"variants":[{"id":"400","name":"Normal 400"},{"id":"700","name":"Bold 700"}],"subsets":[{"id":"latin","name":"Latin"}]},"Varela":{"variants":[{"id":"400","name":"Normal 400"}],"subsets":[{"id":"latin-ext","name":"Latin Extended"},{"id":"latin","name":"Latin"}]},"Old Standard TT":{"variants":[{"id":"400","name":"Normal 400"},{"id":"700","name":"Bold 700"},{"id":"italic","name":"Normal 400 Italic"}],"subsets":[{"id":"latin","name":"Latin"}]},"Satisfy":{"variants":[{"id":"400","name":"Normal 400"}],"subsets":[{"id":"latin","name":"Latin"}]},"Molengo":{"variants":[{"id":"400","name":"Normal 400"}],"subsets":[{"id":"latin-ext","name":"Latin Extended"},{"id":"latin","name":"Latin"}]},"Droid Sans Mono":{"variants":[{"id":"400","name":"Normal 400"}],"subsets":[{"id":"latin","name":"Latin"}]},"Marck Script":{"variants":[{"id":"400","name":"Normal 400"}],"subsets":[{"id":"latin-ext","name":"Latin Extended"},{"id":"latin","name":"Latin"},{"id":"cyrillic","name":"Cyrillic"}]},"BenchNine":{"variants":[{"id":"300","name":"Book 300"},{"id":"400","name":"Normal 400"},{"id":"700","name":"Bold 700"}],"subsets":[{"id":"latin-ext","name":"Latin Extended"},{"id":"latin","name":"Latin"}]},"Lusitana":{"variants":[{"id":"400","name":"Normal 400"},{"id":"700","name":"Bold 700"}],"subsets":[{"id":"latin","name":"Latin"}]},"Black Ops One":{"variants":[{"id":"400","name":"Normal 400"}],"subsets":[{"id":"latin-ext","name":"Latin Extended"},{"id":"latin","name":"Latin"}]},"Noto Serif":{"variants":[{"id":"400","name":"Normal 400"},{"id":"700","name":"Bold 700"},{"id":"700italic","name":"Bold 700 Italic"}],"subsets":[{"id":"greek","name":"Greek"},{"id":"latin-ext","name":"Latin Extended"},{"id":"cyrillic-ext","name":"Cyrillic Extended"},{"id":"latin","name":"Latin"},{"id":"cyrillic","name":"Cyrillic"},{"id":"vietnamese","name":"Vietnamese"},{"id":"greek-ext","name":"Greek Extended"}]},"Crete Round":{"variants":[{"id":"400","name":"Normal 400"},{"id":"italic","name":"Normal 400 Italic"}],"subsets":[{"id":"latin-ext","name":"Latin Extended"},{"id":"latin","name":"Latin"}]},"Righteous":{"variants":[{"id":"400","name":"Normal 400"}],"subsets":[{"id":"latin-ext","name":"Latin Extended"},{"id":"latin","name":"Latin"}]},"Waiting for the Sunrise":{"variants":[{"id":"400","name":"Normal 400"}],"subsets":[{"id":"latin","name":"Latin"}]},"Leckerli One":{"variants":[{"id":"400","name":"Normal 400"}],"subsets":[{"id":"latin","name":"Latin"}]},"Tinos":{"variants":[{"id":"400","name":"Normal 400"},{"id":"700","name":"Bold 700"},{"id":"700italic","name":"Bold 700 Italic"}],"subsets":[{"id":"greek","name":"Greek"},{"id":"latin-ext","name":"Latin Extended"},{"id":"cyrillic-ext","name":"Cyrillic Extended"},{"id":"latin","name":"Latin"},{"id":"cyrillic","name":"Cyrillic"},{"id":"vietnamese","name":"Vietnamese"},{"id":"greek-ext","name":"Greek Extended"}]},"Patrick Hand":{"variants":[{"id":"400","name":"Normal 400"}],"subsets":[{"id":"latin-ext","name":"Latin Extended"},{"id":"latin","name":"Latin"},{"id":"vietnamese","name":"Vietnamese"}]},"Bangers":{"variants":[{"id":"400","name":"Normal 400"}],"subsets":[{"id":"latin","name":"Latin"}]},"Amaranth":{"variants":[{"id":"400","name":"Normal 400"},{"id":"700","name":"Bold 700"},{"id":"700italic","name":"Bold 700 Italic"}],"subsets":[{"id":"latin","name":"Latin"}]},"Orbitron":{"variants":[{"id":"400","name":"Normal 400"},{"id":"500","name":"Medium 500"},{"id":"700","name":"Bold 700"},{"id":"900","name":"Ultra-Bold 900"}],"subsets":[{"id":"latin","name":"Latin"}]},"Bevan":{"variants":[{"id":"400","name":"Normal 400"}],"subsets":[{"id":"latin","name":"Latin"}]},"Chivo":{"variants":[{"id":"400","name":"Normal 400"},{"id":"900","name":"Ultra-Bold 900"},{"id":"900italic","name":"Ultra-Bold 900 Italic"}],"subsets":[{"id":"latin","name":"Latin"}]},"Syncopate":{"variants":[{"id":"400","name":"Normal 400"},{"id":"700","name":"Bold 700"}],"subsets":[{"id":"latin","name":"Latin"}]},"Archivo Black":{"variants":[{"id":"400","name":"Normal 400"}],"subsets":[{"id":"latin-ext","name":"Latin Extended"},{"id":"latin","name":"Latin"}]},"Oleo Script":{"variants":[{"id":"400","name":"Normal 400"},{"id":"700","name":"Bold 700"}],"subsets":[{"id":"latin-ext","name":"Latin Extended"},{"id":"latin","name":"Latin"}]},"Kameron":{"variants":[{"id":"400","name":"Normal 400"},{"id":"700","name":"Bold 700"}],"subsets":[{"id":"latin","name":"Latin"}]},"Electrolize":{"variants":[{"id":"400","name":"Normal 400"}],"subsets":[{"id":"latin","name":"Latin"}]},"Loved by the King":{"variants":[{"id":"400","name":"Normal 400"}],"subsets":[{"id":"latin","name":"Latin"}]},"Coda":{"variants":[{"id":"400","name":"Normal 400"},{"id":"800","name":"Extra-Bold 800"}],"subsets":[{"id":"latin","name":"Latin"}]},"Walter Turncoat":{"variants":[{"id":"400","name":"Normal 400"}],"subsets":[{"id":"latin","name":"Latin"}]},"Gloria Hallelujah":{"variants":[{"id":"400","name":"Normal 400"}],"subsets":[{"id":"latin","name":"Latin"}]},"Covered By Your Grace":{"variants":[{"id":"400","name":"Normal 400"}],"subsets":[{"id":"latin","name":"Latin"}]},"Kotta One":{"variants":[{"id":"400","name":"Normal 400"}],"subsets":[{"id":"latin-ext","name":"Latin Extended"},{"id":"latin","name":"Latin"}]},"Paytone One":{"variants":[{"id":"400","name":"Normal 400"}],"subsets":[{"id":"latin","name":"Latin"}]},"Reenie Beanie":{"variants":[{"id":"400","name":"Normal 400"}],"subsets":[{"id":"latin","name":"Latin"}]},"Share":{"variants":[{"id":"400","name":"Normal 400"},{"id":"700","name":"Bold 700"},{"id":"700italic","name":"Bold 700 Italic"}],"subsets":[{"id":"latin-ext","name":"Latin Extended"},{"id":"latin","name":"Latin"}]},"Pathway Gothic One":{"variants":[{"id":"400","name":"Normal 400"}],"subsets":[{"id":"latin-ext","name":"Latin Extended"},{"id":"latin","name":"Latin"}]},"Doppio One":{"variants":[{"id":"400","name":"Normal 400"}],"subsets":[{"id":"latin-ext","name":"Latin Extended"},{"id":"latin","name":"Latin"}]},"Carme":{"variants":[{"id":"400","name":"Normal 400"}],"subsets":[{"id":"latin","name":"Latin"}]},"Architects Daughter":{"variants":[{"id":"400","name":"Normal 400"}],"subsets":[{"id":"latin","name":"Latin"}]},"Copse":{"variants":[{"id":"400","name":"Normal 400"}],"subsets":[{"id":"latin","name":"Latin"}]},"Sanchez":{"variants":[{"id":"400","name":"Normal 400"},{"id":"italic","name":"Normal 400 Italic"}],"subsets":[{"id":"latin-ext","name":"Latin Extended"},{"id":"latin","name":"Latin"}]},"Source Code Pro":{"variants":[{"id":"200","name":"Light 200"},{"id":"300","name":"Book 300"},{"id":"400","name":"Normal 400"},{"id":"500","name":"Medium 500"},{"id":"600","name":"Semi-Bold 600"},{"id":"700","name":"Bold 700"},{"id":"900","name":"Ultra-Bold 900"}],"subsets":[{"id":"latin-ext","name":"Latin Extended"},{"id":"latin","name":"Latin"}]},"Just Me Again Down Here":{"variants":[{"id":"400","name":"Normal 400"}],"subsets":[{"id":"latin-ext","name":"Latin Extended"},{"id":"latin","name":"Latin"}]},"Rancho":{"variants":[{"id":"400","name":"Normal 400"}],"subsets":[{"id":"latin","name":"Latin"}]},"Didact Gothic":{"variants":[{"id":"400","name":"Normal 400"}],"subsets":[{"id":"greek","name":"Greek"},{"id":"latin-ext","name":"Latin Extended"},{"id":"cyrillic-ext","name":"Cyrillic Extended"},{"id":"latin","name":"Latin"},{"id":"cyrillic","name":"Cyrillic"},{"id":"greek-ext","name":"Greek Extended"}]},"Domine":{"variants":[{"id":"400","name":"Normal 400"},{"id":"700","name":"Bold 700"}],"subsets":[{"id":"latin-ext","name":"Latin Extended"},{"id":"latin","name":"Latin"}]},"Happy Monkey":{"variants":[{"id":"400","name":"Normal 400"}],"subsets":[{"id":"latin-ext","name":"Latin Extended"},{"id":"latin","name":"Latin"}]},"Neucha":{"variants":[{"id":"400","name":"Normal 400"}],"subsets":[{"id":"latin","name":"Latin"},{"id":"cyrillic","name":"Cyrillic"}]},"Pinyon Script":{"variants":[{"id":"400","name":"Normal 400"}],"subsets":[{"id":"latin","name":"Latin"}]},"Goudy Bookletter 1911":{"variants":[{"id":"400","name":"Normal 400"}],"subsets":[{"id":"latin","name":"Latin"}]},"Enriqueta":{"variants":[{"id":"400","name":"Normal 400"},{"id":"700","name":"Bold 700"}],"subsets":[{"id":"latin-ext","name":"Latin Extended"},{"id":"latin","name":"Latin"}]},"Just Another Hand":{"variants":[{"id":"400","name":"Normal 400"}],"subsets":[{"id":"latin","name":"Latin"}]},"Cardo":{"variants":[{"id":"400","name":"Normal 400"},{"id":"700","name":"Bold 700"},{"id":"italic","name":"Normal 400 Italic"}],"subsets":[{"id":"greek","name":"Greek"},{"id":"latin-ext","name":"Latin Extended"},{"id":"latin","name":"Latin"},{"id":"greek-ext","name":"Greek Extended"}]},"Viga":{"variants":[{"id":"400","name":"Normal 400"}],"subsets":[{"id":"latin-ext","name":"Latin Extended"},{"id":"latin","name":"Latin"}]},"Antic Slab":{"variants":[{"id":"400","name":"Normal 400"}],"subsets":[{"id":"latin","name":"Latin"}]},"Schoolbell":{"variants":[{"id":"400","name":"Normal 400"}],"subsets":[{"id":"latin","name":"Latin"}]},"Overlock":{"variants":[{"id":"400","name":"Normal 400"},{"id":"700","name":"Bold 700"},{"id":"900","name":"Ultra-Bold 900"},{"id":"900italic","name":"Ultra-Bold 900 Italic"}],"subsets":[{"id":"latin-ext","name":"Latin Extended"},{"id":"latin","name":"Latin"}]},"Bad Script":{"variants":[{"id":"400","name":"Normal 400"}],"subsets":[{"id":"latin","name":"Latin"},{"id":"cyrillic","name":"Cyrillic"}]},"Actor":{"variants":[{"id":"400","name":"Normal 400"}],"subsets":[{"id":"latin","name":"Latin"}]},"Spirax":{"variants":[{"id":"400","name":"Normal 400"}],"subsets":[{"id":"latin","name":"Latin"}]},"Julius Sans One":{"variants":[{"id":"400","name":"Normal 400"}],"subsets":[{"id":"latin-ext","name":"Latin Extended"},{"id":"latin","name":"Latin"}]},"Rochester":{"variants":[{"id":"400","name":"Normal 400"}],"subsets":[{"id":"latin","name":"Latin"}]},"Nothing You Could Do":{"variants":[{"id":"400","name":"Normal 400"}],"subsets":[{"id":"latin","name":"Latin"}]},"Rationale":{"variants":[{"id":"400","name":"Normal 400"}],"subsets":[{"id":"latin","name":"Latin"}]},"Sorts Mill Goudy":{"variants":[{"id":"400","name":"Normal 400"},{"id":"italic","name":"Normal 400 Italic"}],"subsets":[{"id":"latin-ext","name":"Latin Extended"},{"id":"latin","name":"Latin"}]},"Great Vibes":{"variants":[{"id":"400","name":"Normal 400"}],"subsets":[{"id":"latin-ext","name":"Latin Extended"},{"id":"latin","name":"Latin"}]},"Russo One":{"variants":[{"id":"400","name":"Normal 400"}],"subsets":[{"id":"latin-ext","name":"Latin Extended"},{"id":"latin","name":"Latin"},{"id":"cyrillic","name":"Cyrillic"}]},"Marmelad":{"variants":[{"id":"400","name":"Normal 400"}],"subsets":[{"id":"latin-ext","name":"Latin Extended"},{"id":"latin","name":"Latin"},{"id":"cyrillic","name":"Cyrillic"}]},"Homemade Apple":{"variants":[{"id":"400","name":"Normal 400"}],"subsets":[{"id":"latin","name":"Latin"}]},"Arapey":{"variants":[{"id":"400","name":"Normal 400"},{"id":"italic","name":"Normal 400 Italic"}],"subsets":[{"id":"latin","name":"Latin"}]},"Kaushan Script":{"variants":[{"id":"400","name":"Normal 400"}],"subsets":[{"id":"latin-ext","name":"Latin Extended"},{"id":"latin","name":"Latin"}]},"Hammersmith One":{"variants":[{"id":"400","name":"Normal 400"}],"subsets":[{"id":"latin-ext","name":"Latin Extended"},{"id":"latin","name":"Latin"}]},"Scada":{"variants":[{"id":"400","name":"Normal 400"},{"id":"700","name":"Bold 700"},{"id":"700italic","name":"Bold 700 Italic"}],"subsets":[{"id":"latin-ext","name":"Latin Extended"},{"id":"latin","name":"Latin"},{"id":"cyrillic","name":"Cyrillic"}]},"Acme":{"variants":[{"id":"400","name":"Normal 400"}],"subsets":[{"id":"latin","name":"Latin"}]},"Share Tech":{"variants":[{"id":"400","name":"Normal 400"}],"subsets":[{"id":"latin","name":"Latin"}]},"Neuton":{"variants":[{"id":"200","name":"Light 200"},{"id":"300","name":"Book 300"},{"id":"400","name":"Normal 400"},{"id":"700","name":"Bold 700"},{"id":"800","name":"Extra-Bold 800"},{"id":"italic","name":"Normal 400 Italic"}],"subsets":[{"id":"latin-ext","name":"Latin Extended"},{"id":"latin","name":"Latin"}]},"Andika":{"variants":[{"id":"400","name":"Normal 400"}],"subsets":[{"id":"latin-ext","name":"Latin Extended"},{"id":"cyrillic-ext","name":"Cyrillic Extended"},{"id":"latin","name":"Latin"},{"id":"cyrillic","name":"Cyrillic"}]},"Petit Formal Script":{"variants":[{"id":"400","name":"Normal 400"}],"subsets":[{"id":"latin-ext","name":"Latin Extended"},{"id":"latin","name":"Latin"}]},"Allerta Stencil":{"variants":[{"id":"400","name":"Normal 400"}],"subsets":[{"id":"latin","name":"Latin"}]},"Damion":{"variants":[{"id":"400","name":"Normal 400"}],"subsets":[{"id":"latin","name":"Latin"}]},"Racing Sans One":{"variants":[{"id":"400","name":"Normal 400"}],"subsets":[{"id":"latin-ext","name":"Latin Extended"},{"id":"latin","name":"Latin"}]},"PT Serif Caption":{"variants":[{"id":"400","name":"Normal 400"},{"id":"italic","name":"Normal 400 Italic"}],"subsets":[{"id":"latin-ext","name":"Latin Extended"},{"id":"cyrillic-ext","name":"Cyrillic Extended"},{"id":"latin","name":"Latin"},{"id":"cyrillic","name":"Cyrillic"}]},"Rambla":{"variants":[{"id":"400","name":"Normal 400"},{"id":"700","name":"Bold 700"},{"id":"700italic","name":"Bold 700 Italic"}],"subsets":[{"id":"latin-ext","name":"Latin Extended"},{"id":"latin","name":"Latin"}]},"Ubuntu Mono":{"variants":[{"id":"400","name":"Normal 400"},{"id":"700","name":"Bold 700"},{"id":"700italic","name":"Bold 700 Italic"}],"subsets":[{"id":"greek","name":"Greek"},{"id":"latin-ext","name":"Latin Extended"},{"id":"cyrillic-ext","name":"Cyrillic Extended"},{"id":"latin","name":"Latin"},{"id":"cyrillic","name":"Cyrillic"},{"id":"greek-ext","name":"Greek Extended"}]},"Glegoo":{"variants":[{"id":"400","name":"Normal 400"}],"subsets":[{"id":"latin-ext","name":"Latin Extended"},{"id":"latin","name":"Latin"}]},"Nixie One":{"variants":[{"id":"400","name":"Normal 400"}],"subsets":[{"id":"latin","name":"Latin"}]},"Rosario":{"variants":[{"id":"400","name":"Normal 400"},{"id":"700","name":"Bold 700"},{"id":"700italic","name":"Bold 700 Italic"}],"subsets":[{"id":"latin","name":"Latin"}]},"The Girl Next Door":{"variants":[{"id":"400","name":"Normal 400"}],"subsets":[{"id":"latin","name":"Latin"}]},"Limelight":{"variants":[{"id":"400","name":"Normal 400"}],"subsets":[{"id":"latin-ext","name":"Latin Extended"},{"id":"latin","name":"Latin"}]},"Six Caps":{"variants":[{"id":"400","name":"Normal 400"}],"subsets":[{"id":"latin","name":"Latin"}]},"Orienta":{"variants":[{"id":"400","name":"Normal 400"}],"subsets":[{"id":"latin-ext","name":"Latin Extended"},{"id":"latin","name":"Latin"}]},"Wellfleet":{"variants":[{"id":"400","name":"Normal 400"}],"subsets":[{"id":"latin-ext","name":"Latin Extended"},{"id":"latin","name":"Latin"}]},"Aldrich":{"variants":[{"id":"400","name":"Normal 400"}],"subsets":[{"id":"latin","name":"Latin"}]},"Jura":{"variants":[{"id":"300","name":"Book 300"},{"id":"400","name":"Normal 400"},{"id":"500","name":"Medium 500"},{"id":"600","name":"Semi-Bold 600"}],"subsets":[{"id":"greek","name":"Greek"},{"id":"latin-ext","name":"Latin Extended"},{"id":"cyrillic-ext","name":"Cyrillic Extended"},{"id":"latin","name":"Latin"},{"id":"cyrillic","name":"Cyrillic"},{"id":"greek-ext","name":"Greek Extended"}]},"Judson":{"variants":[{"id":"400","name":"Normal 400"},{"id":"700","name":"Bold 700"},{"id":"italic","name":"Normal 400 Italic"}],"subsets":[{"id":"latin","name":"Latin"}]},"Sansita One":{"variants":[{"id":"400","name":"Normal 400"}],"subsets":[{"id":"latin","name":"Latin"}]},"Fontdiner Swanky":{"variants":[{"id":"400","name":"Normal 400"}],"subsets":[{"id":"latin","name":"Latin"}]},"Sancreek":{"variants":[{"id":"400","name":"Normal 400"}],"subsets":[{"id":"latin-ext","name":"Latin Extended"},{"id":"latin","name":"Latin"}]},"Vidaloka":{"variants":[{"id":"400","name":"Normal 400"}],"subsets":[{"id":"latin","name":"Latin"}]},"Metrophobic":{"variants":[{"id":"400","name":"Normal 400"}],"subsets":[{"id":"latin","name":"Latin"}]},"Fenix":{"variants":[{"id":"400","name":"Normal 400"}],"subsets":[{"id":"latin-ext","name":"Latin Extended"},{"id":"latin","name":"Latin"}]},"Cinzel":{"variants":[{"id":"400","name":"Normal 400"},{"id":"700","name":"Bold 700"},{"id":"900","name":"Ultra-Bold 900"}],"subsets":[{"id":"latin","name":"Latin"}]},"Metamorphous":{"variants":[{"id":"400","name":"Normal 400"}],"subsets":[{"id":"latin-ext","name":"Latin Extended"},{"id":"latin","name":"Latin"}]},"Love Ya Like A Sister":{"variants":[{"id":"400","name":"Normal 400"}],"subsets":[{"id":"latin","name":"Latin"}]},"Alfa Slab One":{"variants":[{"id":"400","name":"Normal 400"}],"subsets":[{"id":"latin","name":"Latin"}]},"Anonymous Pro":{"variants":[{"id":"400","name":"Normal 400"},{"id":"700","name":"Bold 700"},{"id":"700italic","name":"Bold 700 Italic"}],"subsets":[{"id":"greek","name":"Greek"},{"id":"latin-ext","name":"Latin Extended"},{"id":"cyrillic-ext","name":"Cyrillic Extended"},{"id":"latin","name":"Latin"},{"id":"cyrillic","name":"Cyrillic"},{"id":"greek-ext","name":"Greek Extended"}]},"Berkshire Swash":{"variants":[{"id":"400","name":"Normal 400"}],"subsets":[{"id":"latin-ext","name":"Latin Extended"},{"id":"latin","name":"Latin"}]},"Michroma":{"variants":[{"id":"400","name":"Normal 400"}],"subsets":[{"id":"latin","name":"Latin"}]},"Radley":{"variants":[{"id":"400","name":"Normal 400"},{"id":"italic","name":"Normal 400 Italic"}],"subsets":[{"id":"latin-ext","name":"Latin Extended"},{"id":"latin","name":"Latin"}]},"Gochi Hand":{"variants":[{"id":"400","name":"Normal 400"}],"subsets":[{"id":"latin","name":"Latin"}]},"Magra":{"variants":[{"id":"400","name":"Normal 400"},{"id":"700","name":"Bold 700"}],"subsets":[{"id":"latin-ext","name":"Latin Extended"},{"id":"latin","name":"Latin"}]},"Pompiere":{"variants":[{"id":"400","name":"Normal 400"}],"subsets":[{"id":"latin","name":"Latin"}]},"Boogaloo":{"variants":[{"id":"400","name":"Normal 400"}],"subsets":[{"id":"latin","name":"Latin"}]},"ABeeZee":{"variants":[{"id":"400","name":"Normal 400"},{"id":"italic","name":"Normal 400 Italic"}],"subsets":[{"id":"latin","name":"Latin"}]},"Montserrat Alternates":{"variants":[{"id":"400","name":"Normal 400"},{"id":"700","name":"Bold 700"}],"subsets":[{"id":"latin","name":"Latin"}]},"Volkhov":{"variants":[{"id":"400","name":"Normal 400"},{"id":"700","name":"Bold 700"},{"id":"700italic","name":"Bold 700 Italic"}],"subsets":[{"id":"latin","name":"Latin"}]},"Crushed":{"variants":[{"id":"400","name":"Normal 400"}],"subsets":[{"id":"latin","name":"Latin"}]},"Coustard":{"variants":[{"id":"400","name":"Normal 400"},{"id":"900","name":"Ultra-Bold 900"}],"subsets":[{"id":"latin","name":"Latin"}]},"Puritan":{"variants":[{"id":"400","name":"Normal 400"},{"id":"700","name":"Bold 700"},{"id":"700italic","name":"Bold 700 Italic"}],"subsets":[{"id":"latin","name":"Latin"}]},"Convergence":{"variants":[{"id":"400","name":"Normal 400"}],"subsets":[{"id":"latin","name":"Latin"}]},"Inder":{"variants":[{"id":"400","name":"Normal 400"}],"subsets":[{"id":"latin-ext","name":"Latin Extended"},{"id":"latin","name":"Latin"}]},"Gentium Basic":{"variants":[{"id":"400","name":"Normal 400"},{"id":"700","name":"Bold 700"},{"id":"700italic","name":"Bold 700 Italic"}],"subsets":[{"id":"latin-ext","name":"Latin Extended"},{"id":"latin","name":"Latin"}]},"Carrois Gothic":{"variants":[{"id":"400","name":"Normal 400"}],"subsets":[{"id":"latin","name":"Latin"}]},"Cookie":{"variants":[{"id":"400","name":"Normal 400"}],"subsets":[{"id":"latin","name":"Latin"}]},"Slackey":{"variants":[{"id":"400","name":"Normal 400"}],"subsets":[{"id":"latin","name":"Latin"}]},"Shanti":{"variants":[{"id":"400","name":"Normal 400"}],"subsets":[{"id":"latin","name":"Latin"}]},"Courgette":{"variants":[{"id":"400","name":"Normal 400"}],"subsets":[{"id":"latin-ext","name":"Latin Extended"},{"id":"latin","name":"Latin"}]},"Sunshiney":{"variants":[{"id":"400","name":"Normal 400"}],"subsets":[{"id":"latin","name":"Latin"}]},"Lemon":{"variants":[{"id":"400","name":"Normal 400"}],"subsets":[{"id":"latin","name":"Latin"}]},"Caudex":{"variants":[{"id":"400","name":"Normal 400"},{"id":"700","name":"Bold 700"},{"id":"700italic","name":"Bold 700 Italic"}],"subsets":[{"id":"greek","name":"Greek"},{"id":"latin-ext","name":"Latin Extended"},{"id":"latin","name":"Latin"},{"id":"greek-ext","name":"Greek Extended"}]},"Merienda One":{"variants":[{"id":"400","name":"Normal 400"}],"subsets":[{"id":"latin","name":"Latin"}]},"Advent Pro":{"variants":[{"id":"100","name":"Ultra-Light 100"},{"id":"200","name":"Light 200"},{"id":"300","name":"Book 300"},{"id":"400","name":"Normal 400"},{"id":"500","name":"Medium 500"},{"id":"600","name":"Semi-Bold 600"},{"id":"700","name":"Bold 700"}],"subsets":[{"id":"greek","name":"Greek"},{"id":"latin-ext","name":"Latin Extended"},{"id":"latin","name":"Latin"}]},"Headland One":{"variants":[{"id":"400","name":"Normal 400"}],"subsets":[{"id":"latin-ext","name":"Latin Extended"},{"id":"latin","name":"Latin"}]},"Lekton":{"variants":[{"id":"400","name":"Normal 400"},{"id":"700","name":"Bold 700"},{"id":"italic","name":"Normal 400 Italic"}],"subsets":[{"id":"latin-ext","name":"Latin Extended"},{"id":"latin","name":"Latin"}]},"Give You Glory":{"variants":[{"id":"400","name":"Normal 400"}],"subsets":[{"id":"latin","name":"Latin"}]},"Gruppo":{"variants":[{"id":"400","name":"Normal 400"}],"subsets":[{"id":"latin-ext","name":"Latin Extended"},{"id":"latin","name":"Latin"}]},"Cabin Sketch":{"variants":[{"id":"400","name":"Normal 400"},{"id":"700","name":"Bold 700"}],"subsets":[{"id":"latin","name":"Latin"}]},"Days One":{"variants":[{"id":"400","name":"Normal 400"}],"subsets":[{"id":"latin","name":"Latin"}]},"Cutive":{"variants":[{"id":"400","name":"Normal 400"}],"subsets":[{"id":"latin-ext","name":"Latin Extended"},{"id":"latin","name":"Latin"}]},"Sintony":{"variants":[{"id":"400","name":"Normal 400"},{"id":"700","name":"Bold 700"}],"subsets":[{"id":"latin-ext","name":"Latin Extended"},{"id":"latin","name":"Latin"}]},"Prata":{"variants":[{"id":"400","name":"Normal 400"}],"subsets":[{"id":"latin","name":"Latin"}]},"Alike":{"variants":[{"id":"400","name":"Normal 400"}],"subsets":[{"id":"latin","name":"Latin"}]},"Fredericka the Great":{"variants":[{"id":"400","name":"Normal 400"}],"subsets":[{"id":"latin","name":"Latin"}]},"Contrail One":{"variants":[{"id":"400","name":"Normal 400"}],"subsets":[{"id":"latin","name":"Latin"}]},"Arbutus Slab":{"variants":[{"id":"400","name":"Normal 400"}],"subsets":[{"id":"latin-ext","name":"Latin Extended"},{"id":"latin","name":"Latin"}]},"IM Fell English":{"variants":[{"id":"400","name":"Normal 400"},{"id":"italic","name":"Normal 400 Italic"}],"subsets":[{"id":"latin","name":"Latin"}]},"Kristi":{"variants":[{"id":"400","name":"Normal 400"}],"subsets":[{"id":"latin","name":"Latin"}]},"Mako":{"variants":[{"id":"400","name":"Normal 400"}],"subsets":[{"id":"latin","name":"Latin"}]},"Abril Fatface":{"variants":[{"id":"400","name":"Normal 400"}],"subsets":[{"id":"latin-ext","name":"Latin Extended"},{"id":"latin","name":"Latin"}]},"Kranky":{"variants":[{"id":"400","name":"Normal 400"}],"subsets":[{"id":"latin","name":"Latin"}]},"Cantora One":{"variants":[{"id":"400","name":"Normal 400"}],"subsets":[{"id":"latin-ext","name":"Latin Extended"},{"id":"latin","name":"Latin"}]}}}